0,tuan,$2y$10$8aPBj1D1FbWIn8pZWd7JfeU7a5R0aUqIZ/0cvwufuGhAOn1jfwBnK,$2y$10$iopz/0tOA3M2nlCiA21ypuIyBEHX5amp2/32jJVmNc4yJPfaD45Ty
1,df,$2y$10$jbnKypsntLvHIqw1bEEwxeUKapRckxxSzxOhcsOPADe.XesMsHYFW,$2y$10$pwudWc54v8p5TBFC.1EP1.PAK65/dBcH6pLY72q8FDYYvxjB62/re
2,df,$2y$10$vzNToT.1zsRY/0vHCC13t./NCCuL8ucbhNsnK/hIuVISzLqEFiaAu,$2y$10$cbeH1tj0iIaPl0xcOup/wu/fVVv1INUJAUeKVgk1FVNumYlz7ONQu
3,0372796010,$2y$10$6DHtHrUIZ9lhdcs0zJahQ.XQcER8TvHQVDDdiHGkURKVNDw2W5akS,$2y$10$c0Wt2pCpYIbKRBF.bZv9x.eebMrJ6CmIS/WBJ/GZeGjdHEHLhIs7i
4,ty,$2y$10$/LslP9TErH.KS3wjDBHRWOc9mmYWUQq.yr9Ig.Q.ZzjDc9zjgvJsy,$2y$10$AJQ21T4bPYujvEhVF50sVevq3N9BapbinEwxbYyG5AZQUYHqnsMmG
5,ty,$2y$10$v4YRqoDYIivaKsensj.FduAaZZAMBi..pTlAIyBspR7xhxbI.6SOe,$2y$10$RmXJxEPSfCQzWiSJj7xyyuPr6ASIpX5lfLBoXRnxMmTQVVCnLYlXC
6,a,$2y$10$29uF0XBQsL0.aHTh7gVRoOzRq4lJQlx9euiR5tfsNs7OY2tMqViMq,$2y$10$4HDt.l5Cxv6iT4yaahIWBOaGXl0JnjU1WxcpBxlBknSqUdsVhkLIS
7,r,$2y$10$9vo./ouwCMIlWkuY3kzD/OCjLGEL5Yco2Gya2FKxbyUddt7Z3ps2W,$2y$10$RIaYbJBWPD1zKv7E7ngdpuQZFVdGR3aSHJ4ejnc/uWVTBYl.vqQy.
8,r,$2y$10$beVq7CAAzlBjkw.xVyAC6ulR7ZrTOEFmpftQRuIbJKnqyRprVPkZK,$2y$10$.tZPEuwBAW4GHFvOTfb0bO/laDtXANugw0bqPCUx8vC/Yc59eCSnC
9,r,$2y$10$AHAaHBKHOSujTCkn99YQwuFyVqfc83JeJYn5i7uf.64tPtWRTNDRK,$2y$10$N1qg0FbxL978cQxwjdnX6uTJMVt8rpO0sC3t5KKPQl4NpGBMCg3D2
10,r,$2y$10$fFpkxK24dH2I0054fpTmWusvNx2kiv2LUbgbfJ7moW3aWibBN9f5W,$2y$10$7sp6IvmlPQakUUo02qenwuLQT76GfMlXT8yVcXZAy87i22DeHAU0a
11,123,$2y$10$WKsDGllUo3g9fWHEFqu.Iech5LnkzI0oxGhsD89xVLxacrOA7wxP6,$2y$10$mFelGtPHnugFdGDp4UEmp.cEHlR.PYL7zpweKGbAPLTZ/g/uTkZqC
12,12,$2y$10$1fl0Hi9a7eHYE7YxjJOYfOHfSkpYVq07TTeG4YF94znlirhvZOMmO,$2y$10$Mg4aBTApMOyc4BVdCBRc3Onft57PHVNvFl8eA6rku7WpyONYz2rci
13,12,$2y$10$RhKImSGLzZBCqVJYbQihn.jeFnXkLp5AZnUvq74D3whSLar.fnipm,$2y$10$SToExYD8cHXF1h63ho/PtuJxJLtMM9HwhsGbBtc4kZjwYdQWmR.ZS
14,12,$2y$10$aeyrtIc8bIQRUG/B5ght3es/wq/7xlwlzyJ2FEs80FfttA1NHp4ra,$2y$10$AWc0Cov3f7x0pRZWJb7at.n12U/i0MOyqZKpy1SGy/GJipxhOYv8u
15,56,$2y$10$4cIRqp/lISCFt70ZLiRWZOTDvLn5HMGTj97Q22l4Jvqr.IA3Aprc6,$2y$10$IdxwneEmasKmSFD49UqoZu0eAqvsj2tbEFs3r5Sh1ITeXvmGdc92G
16,56,$2y$10$SrVg2R7ztAqXf0KIoEaV2OZBNQPw7Qvx1D7hs2ItxS7tnzfJ8wJBO,$2y$10$.ibkFrS/4NHZwtKvS3ESseTY8WYzFBg8jQVmC/GLFZ/aRW1RI0gBC
17,s3878667,$2y$10$MmC2OPxac2MUCn8Y.Vlx2O4BFzwArtH.e39SMq4DvuF07bXnEFNJi,$2y$10$b.pO/xXhISwOYwgm8AKIZOZsWhz4AJ3IezHmgDclfHRwku9b6orS.
18,dg,$2y$10$fqXdj3tUBQfRKqy6z/eiauTFThZkKyL9r8IZ/DHosnwjdAxY89.96,$2y$10$rJg6a2O6x0DNXGMtT2rJXeNMv/KDTB98TZKfTF145zz.2radZXsie
19,dg,$2y$10$v.pNqxbzCoUvV.ruz6RQf.TpQhe.yMi0BeToSN9wiKV5liRtf.2Tm,$2y$10$dKaRAmnHOyaPRHyArIgeL.7s/ZEAcr8TyTe4COzCgfQDlpl.ncj.W
20,dg,$2y$10$i65BRqMcGRltyd0TXlTBxeOhv1EDGEks5vbBhIqug6PEagZCZE.4y,$2y$10$8HqgQsaMzssAG9axP.K7EeVCNvnf4rOyWQb6Ywbu78.sBbunHd7zW
21,dg,$2y$10$12ht/DHV2aFO4gb327btOeEKyCYQh.mF0jLO67wltlccdTulQ2nim,$2y$10$km4mXwAz0hv0qOLjdPj7ku.I1e2jPFWXY6fw6dWIJeQ4LWMrAZRsm
22,dg,$2y$10$NDgfYw0tm2mqFL9U9SmVnON4b4oabpPx98ujGcPMtv620U01Ju3Ru,$2y$10$YhDSFegpG8fPEYcUklM8Bu9hsKUNNLX1bj2ftHGan7muqc6jm65bG
23,dg,$2y$10$TaJ9q4xEyTilxWgwdVihgOu.fN1DoThasFu0zo3hGBdtrh1u6LU0y,$2y$10$qSN2pXdX47NYn1puTV8Eauq9HYwf9JNhv2oPhcM4/gJZm0J6o8lMy
24,dg,$2y$10$9FbxAPKC6zSid/DlC5je6eB4fCL3uqVTRiTVSBF8DKaWDo.sBrf7K,$2y$10$dpVhxOwyTDL5Tt1zjeBzUepL9V4npusplHP9J6AbOBLRlPO38DEOu
25,dg,$2y$10$Itq6PfxWmG0lHBYV4QkXIeN1caWEuzC/mWstW3GupDsFP7mq.AtNW,$2y$10$yy6.1MZfr5GVsV0jtJ5hfeIyKIShGLBYYf1n6rE4M7T.rV4POKUKq
26,dg,$2y$10$Ii7r6ZFZEa/R6Og3/yBamOO/.R9E1qoLQ6US7ysuNsV3./PELuzli,$2y$10$ANKHZkiT1kJYoBEiHZDNAuLWVrrgz6n6C14EERt1fT4HFmJlJccJO
27,dg,$2y$10$fPYK4TFnp7.Lks8oDPdpIOe/WRVYYWayOoivSC0AFnwg3vsvR93g6,$2y$10$56abrIqo/W21ttxiBxVdCOuDVl0T4Y6EiRi/aITlxF7KbSrTvG4EK
28,dg,$2y$10$lBE0LCNYo/COpTK9LuBm6edM3kdlKBEfhCIeaKR4g04EStGuWe4ki,$2y$10$dyF3//6ToA.OhpnLzLku0OfWGggG/y9rrFfAuMiHi4Uq3WF9hGJcm
29,dg,$2y$10$bcNWP1F68bSYCYIG./vHm.1x2xjm1v1EVpyy.yyQRTXtHU00/tQjS,$2y$10$dizi8RWjJkYGhF4K2G0eVeuBZvdgUQI8yvzLD.8NQL9k7nSpbFFCW
30,dg,$2y$10$CpC2V.Nq9l30.7ouLGuK0OGFtJQchLBFfZTB73k4dA0Tq3NK.VVGy,$2y$10$wyQQ2ez1RxweS4gYSJEjceNl29mv7VCZ2.NnCTSu04FZs/uiQzkfq
31,dg,$2y$10$KhQeafcsjZR/pVzQObrVuu/0b0ierjXlg4jY0fgLz3sVqrI27S5Qu,$2y$10$u81KRNXt7GczoabkafkIjepLwM9VsQZ8c2wbMe2/O9Ec71wNbdggu
32,dg,$2y$10$Wltf9pBHvl94kVqmHx/0fOc45nsoMfzQbN/yZPD4ZD2PzPRHX3Gvm,$2y$10$vvJu3w67fimvKyKzeu7fZuB0VJYRosYksmBnW52Aa6fKC1umVCy0i
33,dg,$2y$10$57MQjG1TSsRCj7vBi.hwJ.WqHpoTs7REBvJC9kLXEY.M9g8sTT5UO,$2y$10$4AnZDfqs55KDlThP.fAtGu6jTJEI/8zelo.eBrZh9ZiennCAKRnhq
34,s3878667,$2y$10$1WmmRxaCMXWI8rwFyivTqeq00AEfeCmL4AJPZS5P5uAklpb9HfGUi,$2y$10$PnVR6LwmdRmp0iVbm3EJ9eVIIhLlEEN00H38fBtRUXqLhnIMyTala
35,s3878667,$2y$10$Tvxt3qlT431ewjVChZjUFeqjxBJZB8Qu1vod6HUtgARUATRsk9hq.,$2y$10$SgDSmfn/Ao6XEORQ3ZV2b.nHX.FFn8gQoITzFGyFisv69UZOOcjcC
36,0372796010,$2y$10$B1Ae08g2xo5Tzaw9GES7heVzKJ.SIcVAicgF8.BQ2IafIu9rPwzpi,$2y$10$VT0jBOvAaKPAPxpGEjHNfeRLP3ohi9pzxyUumQVWwBE2r1/LW0Vci
